ID,Internships,CGPA,Hostel,HistoryOfBacklogs,PlacedOrNot
1,1,8,1,1,1
2,0,7,1,1,1
3,1,6,0,0,1
4,0,8,0,1,1
5,0,8,1,0,1
6,0,6,0,0,0
7,0,7,0,1,0
8,1,7,0,0,0
9,2,6,0,0,1
10,1,6,1,0,0
11,1,7,0,0,0
12,1,8,0,1,1
13,2,6,1,1,0
14,1,8,0,1,1
15,2,8,0,0,1
16,0,8,1,0,1
17,1,7,1,0,0
18,0,6,0,0,0
19,1,7,0,0,0
20,1,7,0,0,0
21,0,8,0,0,1
22,1,6,0,0,0
23,0,7,0,0,0
24,1,7,0,1,0
25,0,7,0,0,0
26,0,8,1,0,1
27,1,8,0,0,1
28,1,8,0,0,1
29,1,8,0,0,1
30,0,6,0,0,1
31,1,8,1,0,1
32,1,7,0,0,1
33,1,7,0,0,0
34,0,7,0,0,0
35,1,6,0,0,1
36,1,6,0,0,0
37,0,7,0,0,1
38,1,8,0,0,1
39,1,6,0,0,0
40,0,8,0,1,1
41,1,6,0,1,0
42,0,8,1,0,1
43,1,7,1,1,1
44,1,7,0,0,1
45,2,8,0,0,1
46,3,6,0,0,1
47,1,8,0,0,1
48,1,7,0,1,1
49,2,7,0,0,1
50,0,7,0,0,0
51,0,8,0,0,1
52,1,8,0,0,1
53,1,8,1,0,1
54,3,6,1,1,0
55,3,6,0,0,1
56,1,7,0,0,1
57,0,8,0,0,1
58,0,8,0,0,1
59,0,8,0,0,1
60,1,8,0,0,1
61,2,9,0,1,1
62,0,8,0,0,1
63,0,8,0,0,1
64,0,9,0,0,1
65,1,8,1,0,1
66,0,9,0,0,1
67,1,9,0,0,1
68,0,8,0,0,1
69,2,9,0,0,1
70,0,8,1,1,1
71,1,8,0,0,1
72,0,9,0,0,1
73,3,9,0,0,1
74,0,8,0,0,1
75,1,9,0,0,1
76,0,8,0,0,1
77,0,9,1,0,1
78,0,8,1,1,1
79,0,8,0,0,1
80,1,8,0,0,1
81,0,9,0,0,1
82,1,9,0,0,1
83,0,8,1,0,1
84,0,8,0,0,1
85,0,8,1,0,1
86,2,7,0,0,1
87,0,8,0,0,1
88,0,6,0,0,0
89,1,6,1,0,0
90,1,7,0,0,0
91,1,8,0,1,1
92,1,6,0,0,1
93,1,6,0,0,1
94,2,7,0,0,0
95,0,6,0,0,0
96,1,8,0,0,1
97,2,7,0,0,0
98,0,8,0,0,1
99,0,7,0,0,0
100,0,7,0,0,0
101,0,7,0,0,1
102,0,6,0,0,1
103,1,5,0,0,0
104,2,6,0,0,1
105,0,5,1,0,0
106,1,6,0,0,0
107,0,6,0,0,1
108,1,7,0,0,1
109,1,7,0,1,1
110,1,7,0,0,1
111,1,6,0,0,1
112,1,6,0,1,1
113,0,7,0,0,0
114,1,6,0,0,0
115,0,6,0,0,1
116,0,6,0,0,0
117,1,7,1,0,1
118,1,7,1,0,1
119,3,5,0,1,1
120,0,6,1,0,1
121,2,6,0,0,1
122,1,7,0,0,0
123,1,5,0,0,1
124,1,7,0,0,1
125,2,7,1,0,1
126,1,5,0,0,0
127,1,7,0,0,0
128,2,7,0,0,1
129,0,5,0,0,0
130,1,7,0,0,1
131,0,6,1,1,1
132,0,6,0,0,0
133,1,7,1,0,0
134,1,6,0,0,1
135,1,6,1,1,1
136,0,6,0,0,1
137,0,6,0,0,1
138,0,5,0,0,1
139,0,5,0,0,0
140,0,5,1,0,0
141,1,5,0,0,1
142,0,7,0,0,1
143,3,7,0,0,1
144,2,5,0,0,1
145,2,5,0,0,1
146,0,7,1,0,1
147,1,6,0,0,1
148,0,5,1,1,0
149,0,6,0,0,0
150,1,7,0,0,1
151,0,5,0,0,0
152,0,5,0,0,0
153,1,5,0,0,1
154,2,6,0,0,0
155,0,7,0,0,1
156,2,6,0,0,1
157,0,5,0,0,0
158,2,6,0,0,1
159,1,6,0,0,0
160,0,7,0,1,1
161,0,7,0,0,1
162,0,5,1,0,0
163,1,5,0,0,0
164,1,6,0,0,1
165,3,6,1,0,1
166,0,6,0,1,1
167,0,5,0,0,0
168,1,6,0,0,0
169,1,5,0,0,0
170,1,5,0,0,0
171,1,6,0,0,1
172,2,5,0,0,0
173,1,6,0,0,1
174,0,6,0,0,0
175,0,7,0,1,0
176,0,7,0,0,1
177,0,7,0,0,1
178,1,7,1,0,0
179,1,6,0,0,1
180,1,5,1,0,0
181,1,6,1,0,0
182,2,6,0,0,1
183,1,6,0,1,0
184,0,5,0,0,0
185,2,5,0,1,0
186,1,7,0,0,0
187,1,7,1,0,0
188,1,6,0,0,0
189,1,5,1,0,0
190,0,6,0,0,0
191,0,5,0,0,0
192,0,5,0,0,0
193,0,7,1,0,0
194,0,5,0,0,0
195,0,5,0,1,0
196,1,5,1,0,0
197,2,6,1,1,0
198,1,5,1,1,0
199,2,7,1,0,0
200,0,8,0,0,1
201,2,7,0,0,1
202,1,6,0,0,0
203,2,6,1,0,1
204,1,7,0,0,0
205,1,7,1,0,0
206,0,8,1,0,1
207,0,8,1,0,1
208,1,6,0,0,0
209,0,7,0,0,0
210,0,8,0,0,1
211,2,8,0,0,1
212,1,7,0,0,0
213,0,6,0,1,0
214,1,8,0,0,1
215,1,7,0,0,1
216,1,6,0,0,0
217,3,6,0,0,1
218,1,7,1,0,0
219,1,7,0,0,0
220,2,6,1,1,0
221,1,8,0,1,1
222,2,8,0,0,1
223,1,6,1,1,0
224,0,7,0,0,0
225,0,6,0,0,0
226,0,6,1,0,0
227,1,7,1,0,0
228,2,7,0,0,1
229,1,6,1,0,0
230,0,6,1,0,0
231,1,8,0,0,1
232,1,8,0,0,1
233,0,8,0,0,1
234,1,7,0,0,0
235,0,8,0,1,1
236,1,8,0,0,1
237,1,7,0,0,0
238,2,7,0,0,1
239,1,8,1,0,1
240,1,6,1,0,0
241,1,7,0,0,0
242,0,6,1,0,0
243,2,8,1,0,1
244,0,7,1,1,0
245,1,6,0,0,0
246,2,6,0,0,1
247,1,7,1,0,0
248,0,7,0,0,0
249,1,6,0,0,0
250,0,8,0,0,1
251,3,8,0,0,1
252,0,8,0,1,1
253,0,6,0,0,0
254,1,7,0,0,0
255,1,8,1,1,1
256,1,8,1,1,1
257,1,8,1,0,1
258,2,6,0,0,1
259,1,6,0,0,0
260,0,8,0,0,1
261,1,7,1,0,0
262,1,8,0,0,1
263,1,7,0,0,1
264,0,8,1,1,1
265,0,6,0,0,0
266,1,6,0,0,0
267,1,8,0,0,1
268,1,8,1,1,1
269,1,7,0,0,0
270,2,6,0,0,1
271,0,6,1,0,0
272,1,7,1,1,0
273,0,6,0,0,0
274,0,8,0,1,1
275,1,7,0,0,0
276,0,6,1,0,0
277,0,7,0,0,0
278,1,7,1,0,0
279,1,7,0,0,0
280,0,6,0,1,1
281,2,7,0,0,1
282,1,8,1,0,1
283,0,6,1,1,1
284,0,7,1,0,1
285,0,8,0,0,1
286,1,6,1,1,1
287,2,6,1,0,0
288,0,8,0,0,1
289,0,7,0,0,0
290,0,7,0,0,0
291,0,7,0,0,0
292,1,6,1,0,0
293,2,6,1,1,0
294,0,7,0,0,1
295,0,8,0,0,1
296,0,8,0,0,1
297,2,6,0,0,1
298,2,7,0,0,1
299,1,7,1,1,1
300,2,7,0,0,1
301,0,6,0,0,0
302,1,6,0,0,1
303,0,7,0,0,0
304,0,7,0,0,1
305,1,8,0,0,1
306,0,6,0,1,0
307,2,8,0,1,1
308,0,6,0,1,1
309,1,6,1,0,1
310,0,8,0,0,1
311,1,7,0,0,1
312,2,7,0,1,1
313,1,8,1,0,1
314,0,6,0,0,1
315,0,6,1,0,1
316,0,7,0,0,0
317,0,6,0,0,1
318,1,8,0,0,1
319,0,6,1,0,0
320,1,6,0,0,1
321,0,8,0,0,1
322,0,7,0,1,1
323,2,8,0,0,1
324,0,8,1,0,1
325,1,6,1,0,0
326,0,8,0,0,1
327,1,8,0,0,1
328,0,6,0,0,0
329,1,6,1,1,0
330,0,8,0,0,1
331,1,6,0,0,0
332,0,6,0,0,1
333,0,7,0,0,0
334,0,8,0,0,1
335,0,8,1,1,1
336,0,7,1,1,0
337,0,8,0,0,1
338,1,6,0,0,0
339,2,7,1,0,1
340,0,7,0,0,0
341,1,7,0,1,1
342,0,8,0,0,1
343,0,8,0,0,1
344,1,8,0,1,1
345,1,6,0,0,1
346,0,8,1,1,1
347,0,6,1,0,1
348,1,8,0,0,1
349,0,7,0,0,0
350,1,8,1,0,1
351,1,7,0,0,1
352,1,6,1,0,0
353,0,7,1,0,1
354,0,8,0,0,1
355,0,6,0,0,1
356,0,6,0,1,0
357,2,8,0,0,1
358,0,8,0,0,1
359,1,7,0,0,0
360,0,7,1,0,1
361,0,7,0,0,0
362,1,8,0,0,1
363,0,8,0,0,1
364,0,8,0,1,1
365,1,7,0,1,0
366,0,7,0,0,0
367,1,6,0,0,0
368,0,8,0,1,1
369,0,6,0,0,0
370,0,6,0,0,0
371,2,8,0,0,1
372,1,7,1,0,0
373,0,6,0,0,0
374,0,6,0,0,0
375,1,6,1,0,0
376,0,7,0,0,0
377,0,8,1,0,1
378,0,6,0,0,0
379,1,6,1,1,0
380,0,7,0,1,0
381,0,7,0,0,0
382,0,8,0,0,1
383,0,6,0,0,0
384,1,6,1,0,0
385,1,6,0,1,0
386,0,6,0,0,0
387,1,8,0,0,1
388,1,6,1,0,0
389,0,7,0,0,0
390,0,7,0,1,0
391,0,6,0,0,0
392,0,8,1,0,1
393,0,8,0,0,1
394,1,6,0,0,0
395,0,6,1,0,0
396,1,8,0,0,1
397,1,8,1,1,1
398,2,8,0,0,1
399,2,7,0,0,1
400,0,6,0,1,0
401,0,6,0,0,0
402,1,6,0,0,0
403,1,6,0,1,0
404,1,5,1,0,0
405,0,6,1,1,0
406,1,5,0,0,0
407,1,5,1,1,0
408,2,6,1,0,1
409,2,5,0,1,0
410,0,5,0,0,0
411,0,5,0,1,0
412,2,7,0,1,0
413,0,7,0,1,0
414,1,6,1,1,0
415,1,6,0,0,0
416,0,6,1,0,0
417,2,6,0,0,1
418,0,6,0,0,0
419,0,6,1,0,0
420,0,7,0,0,0
421,0,6,0,1,0
422,2,6,0,1,0
423,1,6,0,0,0
424,1,7,0,0,0
425,0,8,1,0,1
426,3,7,0,0,1
427,0,8,1,1,1
428,0,6,0,0,0
429,0,8,1,0,1
430,0,7,0,0,0
431,1,6,0,0,0
432,1,8,0,0,1
433,0,8,0,0,1
434,1,6,0,0,0
435,1,6,0,0,0
436,0,6,1,1,0
437,0,7,0,0,0
438,1,8,1,0,1
439,0,8,0,0,1
440,0,7,0,1,0
441,0,6,0,0,0
442,1,6,0,1,0
443,1,8,0,1,1
444,0,7,0,1,0
445,0,7,0,1,0
446,1,8,0,1,1
447,0,8,0,0,1
448,0,6,0,0,0
449,0,8,1,0,1
450,2,7,0,0,1
451,2,6,0,0,1
452,1,8,1,0,1
453,0,6,1,0,1
454,0,8,1,0,1
455,1,6,0,0,0
456,1,7,1,0,0
457,0,8,0,0,1
458,0,6,0,0,0
459,0,6,1,0,1
460,0,7,1,0,0
461,1,6,1,1,0
462,0,7,0,1,1
463,0,7,0,0,1
464,0,8,0,1,1
465,1,6,1,0,0
466,0,6,0,0,0
467,0,6,0,0,1
468,0,6,0,0,1
469,1,8,0,0,1
470,1,8,0,0,1
471,0,8,1,0,1
472,0,6,0,0,0
473,0,7,0,1,0
474,1,6,0,1,1
475,1,6,1,0,0
476,0,6,1,1,1
477,0,7,0,0,1
478,2,7,0,0,0
479,3,8,0,0,1
480,0,6,0,0,1
481,0,8,0,1,1
482,1,8,0,1,1
483,0,8,1,1,1
484,1,6,0,0,1
485,0,8,0,1,1
486,1,7,1,0,0
487,1,8,1,0,1
488,0,6,0,0,0
489,0,7,1,0,0
490,0,6,1,0,0
491,0,6,0,1,1
492,1,7,0,0,0
493,1,8,0,0,1
494,1,7,0,0,0
495,0,6,1,0,1
496,2,6,1,0,1
497,0,6,0,0,1
498,0,7,0,0,1
499,0,7,1,1,0
500,2,7,1,0,1
501,0,7,1,0,1
502,0,7,0,0,0
503,1,7,0,0,1
504,0,6,0,0,1
505,0,6,0,0,0
506,3,8,1,0,1
507,3,8,1,1,1
508,0,7,0,1,1
509,1,8,0,0,1
510,0,7,0,0,0
511,2,6,1,0,1
512,0,8,1,0,1
513,1,8,1,0,1
514,0,8,0,1,1
515,1,8,0,0,1
516,1,7,1,0,0
517,0,7,0,0,0
518,0,7,0,0,0
519,1,8,1,0,1
520,1,8,0,0,1
521,1,6,0,0,0
522,0,8,1,0,1
523,1,8,0,0,1
524,1,6,0,0,0
525,0,7,0,0,0
526,1,7,0,1,0
527,1,7,0,0,0
528,0,8,0,0,1
529,1,8,0,0,1
530,2,7,1,0,0
531,0,6,1,1,0
532,1,6,1,0,0
533,1,7,0,0,0
534,1,7,1,0,0
535,1,8,0,0,1
536,0,7,0,1,0
537,0,8,0,0,1
538,1,7,0,0,0
539,0,7,0,0,0
540,2,7,0,0,1
541,1,8,0,0,1
542,0,8,0,0,1
543,0,7,1,0,0
544,1,7,0,0,0
545,1,6,0,0,0
546,1,6,0,0,0
547,1,6,0,0,0
548,1,8,0,0,1
549,1,7,1,0,0
550,1,8,1,0,1
551,1,8,0,0,1
552,0,8,0,1,1
553,1,7,0,1,0
554,0,7,0,0,0
555,1,8,1,0,1
556,1,7,0,0,0
557,1,6,1,1,0
558,1,7,0,1,0
559,0,6,0,0,0
560,1,7,0,0,0
561,0,8,0,1,1
562,1,7,0,0,0
563,1,7,0,1,0
564,0,8,0,0,1
565,1,7,0,0,0
566,1,7,0,0,0
567,2,7,0,0,1
568,0,7,0,0,0
569,0,7,0,1,0
570,2,6,0,0,1
571,0,8,0,0,1
572,0,7,0,0,0
573,1,6,0,0,0
574,0,7,0,0,0
575,0,8,0,0,1
576,1,7,0,0,0
577,0,6,0,0,0
578,0,7,1,0,0
579,1,8,0,0,1
580,0,6,0,0,0
581,0,7,0,0,0
582,1,8,0,0,1
583,1,7,0,0,0
584,0,7,1,0,0
585,2,7,0,1,0
586,0,8,0,0,1
587,1,7,0,0,0
588,1,6,0,0,0
589,0,7,0,1,0
590,1,7,0,0,1
591,1,8,0,1,1
592,0,7,0,0,1
593,2,6,0,0,1
594,1,6,0,0,0
595,0,7,0,0,1
596,1,6,0,0,1
597,0,8,0,0,1
598,0,8,0,0,1
599,1,7,0,0,0
600,2,6,1,0,1
601,2,8,0,0,1
602,2,7,1,0,1
603,2,7,0,0,1
604,2,8,0,0,1
605,2,7,0,0,1
606,1,7,1,0,1
607,2,7,0,0,1
608,1,8,0,0,1
609,2,7,0,1,0
610,1,8,0,1,1
611,1,7,0,0,0
612,2,6,0,0,0
613,1,6,0,0,0
614,1,8,0,1,1
615,1,7,0,0,0
616,1,7,0,1,1
617,2,8,0,0,1
618,1,8,0,0,1
619,1,8,1,0,1
620,2,8,1,1,1
621,1,6,1,0,1
622,2,6,0,0,1
623,2,7,1,0,0
624,1,7,0,0,0
625,2,8,0,0,1
626,1,8,0,0,1
627,1,6,1,0,0
628,2,6,1,0,1
629,1,6,0,0,0
630,1,8,1,0,1
631,2,6,0,0,1
632,2,8,0,0,1
633,2,8,0,1,1
634,2,7,0,0,0
635,1,8,0,0,1
636,2,8,0,0,1
637,2,8,0,0,1
638,2,6,0,0,1
639,1,7,0,0,1
640,1,7,1,0,0
641,2,6,0,0,1
642,1,6,1,0,1
643,1,6,1,1,0
644,1,7,0,1,0
645,1,8,1,0,1
646,1,7,0,0,0
647,2,6,1,0,1
648,1,7,0,1,1
649,1,6,0,0,1
650,2,6,1,0,1
651,1,6,1,0,0
652,1,7,0,0,1
653,0,6,0,0,1
654,1,8,0,0,1
655,0,7,0,0,0
656,1,7,0,0,0
657,1,8,0,0,1
658,1,6,0,1,0
659,0,7,1,0,0
660,0,7,0,0,0
661,1,7,1,0,0
662,0,7,0,1,0
663,1,8,1,1,1
664,0,6,0,0,0
665,0,7,0,0,0
666,1,6,0,0,0
667,1,7,1,1,0
668,2,7,0,0,0
669,1,7,1,1,0
670,1,6,0,0,0
671,0,6,0,0,0
672,0,7,0,0,0
673,1,7,0,0,0
674,0,6,0,0,0
675,0,8,0,0,1
676,0,7,1,0,0
677,1,6,0,0,0
678,0,7,0,0,0
679,1,8,0,0,1
680,1,7,0,0,0
681,2,8,0,1,1
682,1,8,0,0,1
683,0,8,0,0,1
684,0,6,0,0,0
685,2,6,1,0,1
686,2,8,0,0,1
687,0,7,1,0,0
688,0,7,0,0,0
689,0,8,1,0,1
690,0,6,0,0,0
691,0,8,0,0,1
692,1,7,0,0,0
693,1,8,0,0,1
694,2,8,0,0,1
695,1,7,0,0,0
696,1,6,0,0,0
697,0,8,0,0,1
698,0,8,0,1,1
699,2,6,1,0,1
700,1,8,0,0,1
701,0,7,0,0,0
702,2,6,0,0,1
703,1,8,0,1,1
704,2,6,0,0,1
705,0,6,0,0,1
706,1,8,0,0,1
707,0,9,0,0,1
708,1,7,0,0,1
709,0,9,1,0,1
710,1,8,0,0,1
711,1,6,0,0,1
712,1,6,1,0,1
713,0,8,0,0,1
714,0,8,0,0,1
715,0,8,0,0,1
716,1,8,0,0,1
717,1,6,0,0,1
718,0,7,0,0,0
719,1,9,0,0,1
720,0,8,0,0,1
721,0,7,0,1,1
722,2,8,1,0,1
723,1,8,1,0,1
724,1,8,0,0,1
725,1,7,0,1,0
726,1,9,0,0,1
727,2,8,1,0,1
728,0,9,0,1,1
729,0,6,0,0,1
730,0,9,0,1,1
731,1,7,0,0,1
732,0,8,0,0,1
733,1,7,1,0,0
734,1,7,0,0,0
735,0,8,0,0,1
736,0,9,0,0,1
737,0,7,0,0,0
738,0,9,1,1,1
739,1,8,1,0,1
740,1,8,0,0,1
741,0,7,1,0,0
742,3,7,0,0,1
743,1,6,0,0,1
744,1,8,0,0,1
745,1,6,0,0,1
746,1,7,0,0,0
747,1,7,0,0,1
748,0,7,0,0,0
749,1,7,0,0,1
750,0,8,0,0,1
751,1,6,0,1,1
752,1,6,1,1,0
753,0,7,0,0,0
754,1,6,0,0,1
755,1,6,0,0,1
756,0,8,0,0,1
757,0,8,1,0,1
758,0,6,1,0,1
759,1,8,0,0,1
760,1,8,0,0,1
761,0,6,0,0,1
762,0,6,0,0,1
763,1,6,0,0,0
764,1,6,0,0,1
765,1,6,1,0,1
766,1,8,0,0,1
767,1,6,1,0,1
768,1,6,0,0,0
769,1,6,0,0,1
770,0,8,0,0,1
771,0,7,1,0,0
772,2,8,1,0,1
773,1,8,0,0,1
774,1,8,0,0,1
775,0,7,0,0,1
776,0,6,0,0,0
777,1,6,0,0,0
778,1,6,0,0,1
779,0,8,0,0,1
780,1,7,0,1,1
781,1,7,0,0,0
782,0,7,1,0,0
783,2,8,0,0,1
784,0,8,1,0,1
785,1,8,0,0,1
786,0,6,1,1,0
787,0,6,0,0,0
788,1,8,1,1,1
789,1,8,0,0,1
790,1,8,1,0,1
791,0,8,1,0,1
792,0,6,0,0,0
793,1,8,0,0,1
794,1,8,0,0,1
795,2,8,0,1,1
796,0,8,0,0,1
797,1,7,1,0,1
798,0,8,1,0,1
799,0,7,0,0,0
800,0,8,0,1,1
801,0,7,0,0,1
802,1,7,0,0,1
803,1,6,0,0,0
804,0,6,0,0,1
805,1,8,0,0,1
806,0,8,1,0,1
807,0,6,0,0,0
808,1,6,0,0,1
809,1,7,0,0,1
810,0,6,0,0,0
811,1,8,0,0,1
812,1,8,0,0,1
813,1,6,1,1,0
814,1,8,0,0,1
815,0,8,0,0,1
816,0,6,0,0,0
817,1,6,0,0,0
818,0,8,1,0,1
819,0,7,0,0,0
820,0,6,0,0,1
821,1,7,1,0,1
822,1,8,1,0,1
823,2,8,0,0,1
824,0,7,0,1,0
825,0,7,0,0,0
826,0,8,1,0,1
827,0,7,1,0,0
828,0,7,0,0,1
829,2,6,0,0,1
830,0,8,0,0,1
831,0,7,0,0,1
832,1,8,0,0,1
833,3,7,0,0,0
834,0,6,1,0,0
835,0,6,1,0,0
836,1,8,1,0,1
837,0,8,1,0,1
838,0,6,0,0,1
839,0,6,0,0,1
840,1,6,0,0,0
841,0,6,0,0,1
842,1,7,0,0,1
843,1,8,1,0,1
844,0,7,1,0,0
845,1,6,1,1,0
846,0,7,0,0,1
847,1,6,0,0,0
848,0,6,0,0,0
849,0,8,0,1,1
850,2,8,0,0,1
851,1,7,1,0,0
852,0,6,0,0,0
853,0,7,0,0,1
854,0,7,0,0,0
855,1,7,0,0,1
856,1,8,0,0,1
857,2,7,0,0,1
858,2,6,0,0,1
859,1,6,0,0,1
860,0,8,0,1,1
861,1,7,1,0,0
862,1,8,0,0,1
863,0,8,1,0,1
864,2,7,1,1,1
865,0,6,1,0,1
866,1,6,0,0,0
867,0,6,1,0,0
868,2,7,0,0,1
869,0,8,0,0,1
870,0,6,0,0,0
871,1,6,0,0,1
872,1,7,1,0,0
873,1,6,1,0,0
874,0,8,0,0,1
875,0,8,0,0,1
876,1,6,1,1,0
877,1,7,0,0,1
878,0,8,0,1,1
879,2,6,0,0,1
880,1,8,1,1,1
881,0,8,0,0,1
882,0,8,0,0,1
883,0,6,0,1,1
884,1,8,0,0,1
885,0,6,0,1,0
886,0,6,0,0,0
887,1,8,0,1,1
888,0,6,1,0,0
889,1,8,0,0,1
890,1,7,0,0,0
891,0,8,0,0,1
892,0,8,0,0,1
893,1,7,1,0,1
894,0,6,0,0,1
895,0,7,0,0,1
896,0,6,1,1,0
897,1,7,0,0,0
898,1,8,0,0,1
899,2,7,0,0,1
900,3,8,0,0,1
901,0,7,1,1,0
902,1,6,1,0,0
903,1,7,1,1,0
904,1,6,0,0,0
905,0,8,1,0,1
906,0,8,0,1,1
907,1,8,0,0,1
908,0,6,0,0,0
909,0,7,0,0,0
910,0,8,1,0,1
911,0,7,0,0,0
912,0,6,0,0,0
913,1,7,1,1,0
914,2,7,0,0,0
915,1,8,0,0,1
916,0,6,0,0,1
917,1,6,0,0,1
918,0,7,1,0,0
919,0,8,0,1,1
920,2,6,0,0,1
921,0,6,0,0,0
922,0,8,0,0,1
923,0,7,0,0,1
924,1,7,0,0,0
925,1,6,0,0,0
926,2,8,0,1,1
927,1,6,1,0,0
928,2,8,0,0,1
929,1,8,0,1,1
930,0,6,0,0,1
931,0,7,0,0,0
932,1,8,0,0,1
933,2,7,1,0,1
934,1,7,0,0,1
935,1,7,0,1,1
936,1,7,0,0,1
937,1,7,1,1,0
938,1,7,1,0,0
939,0,7,1,0,0
940,0,8,0,0,1
941,2,7,0,1,1
942,0,7,1,0,0
943,0,6,0,0,1
944,0,8,0,0,1
945,1,8,0,0,1
946,1,6,0,0,1
947,2,7,0,0,1
948,1,8,0,0,1
949,0,7,0,1,1
950,0,7,0,0,1
951,0,8,0,0,1
952,0,7,0,0,1
953,0,8,0,0,1
954,1,8,0,0,1
955,0,7,1,0,0
956,1,6,0,0,1
957,1,8,0,0,1
958,0,7,1,0,0
959,1,7,0,0,1
960,1,7,0,0,1
961,1,8,1,0,1
962,1,8,1,0,1
963,0,6,0,1,1
964,0,7,0,1,1
965,2,8,0,0,1
966,0,8,1,1,1
967,0,7,1,0,0
968,1,6,0,0,0
969,0,8,1,0,1
970,0,7,0,0,0
971,1,6,0,0,0
972,0,8,0,0,1
973,0,8,1,0,1
974,1,7,0,0,1
975,1,6,1,0,0
976,0,6,0,1,1
977,0,8,1,0,1
978,0,7,1,0,0
979,0,8,0,0,1
980,1,8,0,1,1
981,0,6,0,1,0
982,0,7,1,0,0
983,1,7,0,1,1
984,0,8,0,0,1
985,0,6,0,0,1
986,1,8,0,0,1
987,1,7,0,0,0
988,1,8,1,0,1
989,2,7,1,0,1
990,0,6,0,0,0
991,0,6,1,0,0
992,2,7,0,0,1
993,0,7,1,0,0
994,1,7,0,0,1
995,1,6,1,1,1
996,1,6,0,1,1
997,1,7,0,0,1
998,2,8,0,1,1
999,0,6,0,0,0
1000,0,6,0,0,1
1001,2,8,0,0,1
1002,1,8,0,0,1
1003,1,8,1,1,1
1004,1,7,0,0,1
1005,2,6,0,0,1
1006,1,7,0,0,0
1007,2,7,0,1,1
1008,2,7,0,1,1
1009,1,6,1,1,0
1010,1,8,1,1,1
1011,1,8,1,0,1
1012,2,6,0,1,1
1013,1,6,0,1,0
1014,2,7,0,0,1
1015,1,8,0,0,1
1016,2,7,0,1,1
1017,2,8,0,0,1
1018,2,8,1,1,1
1019,2,6,0,0,1
1020,2,6,0,0,1
1021,2,7,0,0,0
1022,1,7,0,1,0
1023,2,7,0,0,0
1024,2,8,0,0,1
1025,1,6,0,0,0
1026,2,6,1,0,1
1027,1,7,0,0,1
1028,1,7,0,1,1
1029,2,6,1,0,1
1030,2,6,1,0,1
1031,2,7,0,0,1
1032,2,7,0,0,1
1033,1,6,0,0,0
1034,1,6,0,0,1
1035,2,6,1,0,1
1036,1,7,0,0,1
1037,1,8,0,0,1
1038,2,7,0,0,1
1039,1,6,1,0,0
1040,1,8,0,0,1
1041,1,6,1,0,0
1042,1,8,0,1,1
1043,2,8,0,1,1
1044,2,8,0,0,1
1045,1,7,1,0,0
1046,2,7,0,0,0
1047,2,8,0,0,1
1048,1,7,1,0,0
1049,2,7,0,0,1
1050,1,6,0,0,0
1051,2,8,0,1,1
1052,2,7,0,0,1
1053,1,6,1,1,0
1054,1,6,0,1,0
1055,2,7,0,0,0
1056,1,7,1,1,0
1057,1,7,0,0,0
1058,2,6,0,0,1
1059,2,8,0,0,1
1060,2,8,0,0,1
1061,2,6,0,0,1
1062,1,7,0,0,0
1063,1,8,1,1,1
1064,1,7,0,0,0
1065,2,8,1,1,1
1066,1,8,0,0,1
1067,2,7,0,0,0
1068,2,7,0,0,0
1069,1,7,0,0,0
1070,2,6,0,0,1
1071,2,6,0,0,1
1072,1,6,0,0,0
1073,1,8,0,0,1
1074,2,6,0,0,1
1075,1,7,0,0,0
1076,2,7,0,1,0
1077,2,7,1,1,0
1078,2,8,0,0,1
1079,1,7,0,0,0
1080,2,7,0,0,0
1081,2,8,1,0,1
1082,1,6,1,0,0
1083,1,7,1,0,0
1084,1,6,0,0,0
1085,1,6,0,0,0
1086,1,6,1,0,0
1087,1,6,0,0,0
1088,2,8,1,0,1
1089,1,7,0,0,0
1090,1,6,0,0,0
1091,1,7,0,1,0
1092,2,8,1,0,1
1093,2,7,0,0,0
1094,2,7,0,1,0
1095,1,8,1,0,1
1096,1,6,0,0,0
1097,1,7,0,1,0
1098,1,8,0,1,1
1099,1,8,0,1,1
1100,1,7,1,0,0
1101,1,9,1,0,1
1102,2,8,1,0,1
1103,2,7,1,1,1
1104,2,7,1,0,0
1105,2,9,0,0,1
1106,2,7,0,1,0
1107,1,9,0,0,1
1108,1,7,0,1,0
1109,2,7,1,0,1
1110,1,9,0,0,1
1111,1,8,0,0,1
1112,1,9,1,0,1
1113,2,9,0,0,1
1114,2,9,0,0,1
1115,1,8,0,0,1
1116,1,9,0,0,1
1117,1,8,0,1,1
1118,2,8,0,0,1
1119,2,8,0,0,1
1120,2,9,1,0,1
1121,2,7,1,1,1
1122,1,9,1,1,1
1123,2,8,0,0,1
1124,2,9,0,0,1
1125,1,9,1,0,1
1126,2,9,0,0,1
1127,1,8,1,1,1
1128,1,8,0,0,1
1129,2,9,0,0,1
1130,1,8,0,0,1
1131,1,8,0,0,1
1132,1,7,1,0,0
1133,1,9,0,0,1
1134,1,9,0,0,1
1135,2,8,0,0,1
1136,2,9,0,1,1
1137,1,7,1,0,0
1138,2,7,0,0,0
1139,2,8,0,0,1
1140,2,7,0,1,0
1141,1,9,1,0,1
1142,1,8,0,0,1
1143,1,7,0,0,0
1144,2,8,1,0,1
1145,2,7,1,0,1
1146,2,8,0,0,1
1147,1,7,1,0,0
1148,1,7,1,0,1
1149,2,8,0,0,1
1150,1,8,0,1,1
1151,1,8,1,0,1
1152,1,7,1,0,0
1153,1,9,1,0,1
1154,0,9,0,0,1
1155,0,9,0,0,1
1156,0,8,0,0,1
1157,1,9,1,0,1
1158,1,7,0,0,0
1159,1,8,1,1,1
1160,0,9,1,1,1
1161,0,7,0,0,0
1162,0,8,0,0,1
1163,0,8,0,0,1
1164,0,8,1,0,1
1165,0,9,1,1,1
1166,1,8,1,0,1
1167,0,7,1,0,0
1168,0,7,0,0,0
1169,0,9,1,0,1
1170,1,7,0,0,0
1171,2,9,1,0,1
1172,0,8,1,0,1
1173,1,8,0,0,1
1174,1,9,0,0,1
1175,0,9,1,0,1
1176,1,9,0,0,1
1177,2,8,0,0,1
1178,1,9,0,0,1
1179,0,9,0,1,1
1180,0,8,0,0,1
1181,1,9,0,0,1
1182,0,8,0,0,1
1183,1,8,0,0,1
1184,0,8,0,0,1
1185,0,9,0,1,1
1186,1,9,0,0,1
1187,0,9,0,0,1
1188,1,8,0,0,1
1189,1,7,0,0,0
1190,1,9,0,0,1
1191,0,9,0,0,1
1192,1,7,1,1,0
1193,1,8,0,0,1
1194,1,8,1,0,1
1195,1,8,0,0,1
1196,1,7,0,1,0
1197,1,7,0,0,0
1198,1,9,0,0,1
1199,2,9,0,0,1
1200,0,9,1,1,1
1201,0,7,0,0,1
1202,0,8,1,0,1
1203,2,8,0,0,1
1204,0,8,0,0,1
1205,1,9,1,0,1
1206,1,9,0,0,1
1207,0,9,1,0,1
1208,0,9,0,0,1
1209,0,7,0,0,0
1210,0,9,0,0,1
1211,0,9,0,0,1
1212,1,7,1,0,0
1213,1,8,1,1,1
1214,1,9,1,0,1
1215,1,8,1,0,1
1216,1,8,0,1,1
1217,1,9,0,0,1
1218,0,7,0,0,0
1219,1,7,0,0,1
1220,1,8,1,1,1
1221,0,9,1,0,1
1222,1,9,0,0,1
1223,0,7,1,0,0
1224,0,7,0,0,1
1225,1,9,1,0,1
1226,0,9,0,0,1
1227,2,9,0,1,1
1228,3,9,0,0,1
1229,0,9,1,1,1
1230,2,9,0,0,1
1231,1,7,1,0,0
1232,1,7,0,0,1
1233,0,9,0,0,1
1234,1,7,1,0,0
1235,0,7,0,0,0
1236,1,8,0,0,1
1237,0,9,0,0,1
1238,0,9,1,0,1
1239,0,8,1,0,1
1240,0,9,0,0,1
1241,1,7,1,0,0
1242,2,8,0,1,1
1243,1,9,0,0,1
1244,1,9,0,0,1
1245,0,7,0,0,1
1246,1,9,1,0,1
1247,1,8,1,0,1
1248,0,8,1,0,1
1249,0,7,0,0,0
1250,0,7,0,1,0
1251,0,7,0,1,0
1252,0,9,0,0,1
1253,0,9,1,1,1
1254,2,9,0,0,1
1255,2,8,0,0,1
1256,0,8,0,0,1
1257,1,8,1,1,1
1258,1,7,0,0,0
1259,1,8,1,1,1
1260,1,8,0,0,1
1261,0,7,0,1,0
1262,0,9,0,0,1
1263,0,8,0,0,1
1264,1,8,0,0,1
1265,1,7,0,0,0
1266,1,7,1,0,0
1267,1,7,1,0,0
1268,1,8,1,0,1
1269,0,8,0,0,1
1270,1,9,0,0,1
1271,0,9,0,0,1
1272,1,8,0,0,1
1273,0,7,0,0,0
1274,0,9,1,0,1
1275,0,8,1,0,1
1276,0,8,0,0,1
1277,0,7,1,0,0
1278,1,8,0,0,1
1279,0,8,0,0,1
1280,0,8,0,0,1
1281,0,7,0,0,0
1282,0,8,0,0,1
1283,0,9,0,0,1
1284,1,7,0,0,0
1285,2,7,1,0,0
1286,1,9,0,0,1
1287,0,9,0,0,1
1288,0,7,0,1,0
1289,1,8,0,0,1
1290,0,8,0,0,1
1291,0,9,0,0,1
1292,0,8,0,0,1
1293,1,9,1,0,1
1294,0,9,1,0,1
1295,0,7,0,0,0
1296,1,8,1,1,1
1297,0,7,0,0,0
1298,0,7,0,0,0
1299,1,8,0,0,1
1300,0,9,0,0,1
1301,0,7,0,0,1
1302,0,7,1,0,0
1303,1,6,0,1,1
1304,0,6,0,0,1
1305,0,7,1,0,0
1306,1,7,0,0,1
1307,1,6,0,0,1
1308,2,7,0,0,1
1309,1,7,0,0,0
1310,1,6,0,1,1
1311,0,6,0,1,1
1312,1,7,0,0,0
1313,1,7,0,0,0
1314,0,7,0,1,0
1315,0,6,0,0,1
1316,1,7,0,0,0
1317,0,6,1,0,1
1318,1,7,0,1,0
1319,0,6,0,0,1
1320,0,6,0,0,1
1321,0,6,1,1,1
1322,0,6,0,1,1
1323,1,7,0,0,1
1324,0,7,1,0,0
1325,0,6,0,0,1
1326,0,7,0,0,0
1327,1,6,0,0,1
1328,1,7,0,0,0
1329,0,6,0,1,1
1330,1,7,1,1,0
1331,0,7,1,0,0
1332,2,6,0,0,1
1333,0,7,1,0,0
1334,0,7,0,0,0
1335,1,7,1,0,1
1336,1,6,0,0,1
1337,0,7,1,0,1
1338,0,7,0,0,1
1339,1,6,0,0,1
1340,0,7,0,0,0
1341,1,7,0,0,0
1342,0,6,0,0,1
1343,1,6,0,0,1
1344,0,7,1,0,0
1345,1,6,1,1,1
1346,1,7,0,0,1
1347,1,7,0,0,1
1348,2,7,0,1,1
1349,2,7,0,1,1
1350,0,6,0,0,1
1351,0,6,0,0,1
1352,0,7,0,0,1
1353,1,7,0,0,1
1354,1,7,1,1,0
1355,1,7,0,0,1
1356,0,6,0,0,1
1357,0,6,1,1,1
1358,1,6,1,0,1
1359,1,6,0,0,1
1360,0,6,0,0,1
1361,1,6,0,0,0
1362,0,6,0,0,0
1363,1,7,0,0,0
1364,0,6,1,0,0
1365,0,7,0,0,0
1366,1,7,0,0,0
1367,1,7,0,1,0
1368,0,6,0,0,0
1369,0,7,0,0,0
1370,0,7,0,0,0
1371,0,7,0,1,0
1372,1,7,0,0,0
1373,1,7,0,0,0
1374,1,6,0,1,0
1375,1,7,0,0,1
1376,1,6,1,0,0
1377,1,6,0,0,0
1378,1,6,1,0,0
1379,0,7,0,1,0
1380,0,6,0,0,0
1381,0,7,0,0,1
1382,1,6,1,1,0
1383,1,7,0,0,0
1384,0,7,0,0,0
1385,1,6,0,1,0
1386,3,7,1,1,0
1387,1,6,1,0,0
1388,0,7,1,0,0
1389,1,8,0,0,1
1390,0,8,0,0,1
1391,1,8,0,0,1
1392,1,7,0,1,0
1393,1,6,0,0,0
1394,1,8,0,0,1
1395,0,8,1,0,1
1396,0,7,1,1,0
1397,2,8,0,0,1
1398,0,6,1,1,0
1399,2,6,0,0,1
1400,0,8,0,1,1
1401,1,7,0,0,0
1402,1,6,0,1,0
1403,3,8,0,0,1
1404,1,7,0,0,0
1405,0,6,1,0,0
1406,0,8,1,1,1
1407,0,7,0,1,0
1408,0,8,1,1,1
1409,1,6,0,0,0
1410,0,6,1,0,0
1411,2,6,0,0,1
1412,0,8,0,1,1
1413,0,6,0,0,0
1414,1,8,1,0,1
1415,2,7,1,1,0
1416,0,7,1,0,0
1417,0,6,0,1,0
1418,0,6,1,1,0
1419,0,7,0,1,0
1420,1,8,0,0,1
1421,2,8,0,0,1
1422,1,7,0,0,0
1423,1,8,0,0,1
1424,1,7,0,0,0
1425,0,8,0,1,1
1426,0,8,1,0,1
1427,0,7,0,1,0
1428,0,7,0,0,0
1429,3,6,0,0,1
1430,0,8,0,0,1
1431,2,7,0,0,1
1432,0,7,0,0,0
1433,0,6,0,0,0
1434,2,7,0,0,0
1435,1,8,1,0,1
1436,0,7,0,0,0
1437,0,6,0,0,0
1438,2,8,0,0,1
1439,1,6,0,0,0
1440,0,6,0,0,0
1441,0,7,0,1,0
1442,1,6,0,0,0
1443,1,6,1,0,0
1444,1,7,0,0,1
1445,3,8,1,0,1
1446,0,7,0,1,0
1447,0,7,0,1,0
1448,0,6,1,0,0
1449,0,8,0,0,1
1450,1,6,0,0,0
1451,0,8,0,0,1
1452,2,8,0,0,1
1453,0,8,0,1,1
1454,1,8,0,0,1
1455,0,6,1,0,0
1456,1,6,0,0,0
1457,0,6,0,0,0
1458,1,6,0,0,0
1459,0,7,0,0,0
1460,0,6,1,0,0
1461,1,8,0,0,1
1462,0,8,1,0,1
1463,1,8,0,0,1
1464,0,7,0,0,0
1465,1,7,1,1,0
1466,1,6,0,0,0
1467,2,8,0,0,1
1468,1,8,0,0,1
1469,0,6,0,0,0
1470,1,7,0,0,0
1471,0,7,0,0,0
1472,0,8,0,0,1
1473,0,7,1,0,0
1474,0,6,0,0,0
1475,0,7,0,0,0
1476,1,8,1,0,1
1477,3,6,0,0,1
1478,1,6,0,0,0
1479,0,7,0,0,0
1480,2,7,0,0,1
1481,0,6,0,0,0
1482,0,6,0,0,0
1483,1,6,0,0,0
1484,1,8,0,0,1
1485,1,8,0,1,1
1486,3,6,0,1,0
1487,0,6,0,0,0
1488,0,8,0,0,1
1489,1,6,0,0,0
1490,1,6,0,0,0
1491,0,8,0,0,1
1492,1,7,0,0,0
1493,1,8,1,0,1
1494,0,7,0,0,0
1495,0,8,0,0,1
1496,0,7,0,0,0
1497,2,8,0,1,1
1498,1,6,1,0,0
1499,1,7,1,0,0
1500,1,8,0,0,1
1501,1,8,0,0,1
1502,1,6,1,1,1
1503,1,6,0,0,1
1504,1,7,0,0,1
1505,1,7,0,0,1
1506,1,7,0,0,1
1507,1,6,0,0,1
1508,0,8,0,0,1
1509,1,7,0,1,0
1510,1,7,0,0,1
1511,0,7,0,0,0
1512,1,8,1,0,1
1513,1,7,0,0,1
1514,2,7,0,0,0
1515,2,7,1,1,1
1516,1,6,0,0,1
1517,2,7,0,0,0
1518,0,6,0,0,1
1519,0,6,0,0,0
1520,0,7,0,0,0
1521,1,7,0,0,0
1522,1,6,0,1,1
1523,0,8,0,1,1
1524,1,8,0,0,1
1525,0,7,1,0,0
1526,2,6,0,0,1
1527,1,6,0,0,0
1528,0,6,1,0,1
1529,1,7,0,0,0
1530,1,6,0,0,0
1531,1,6,0,1,1
1532,0,6,1,0,0
1533,1,6,0,0,0
1534,1,7,1,0,0
1535,0,7,0,0,0
1536,1,8,0,0,1
1537,0,8,0,1,1
1538,1,7,1,0,1
1539,0,7,0,0,1
1540,1,7,0,0,0
1541,1,8,0,0,1
1542,0,6,1,0,0
1543,0,8,0,0,1
1544,0,7,1,1,0
1545,0,8,0,1,1
1546,1,7,0,0,0
1547,1,6,0,0,0
1548,0,8,0,0,1
1549,0,6,0,1,0
1550,2,7,0,0,0
1551,0,7,0,0,1
1552,0,6,0,0,0
1553,0,8,0,0,1
1554,0,7,0,0,0
1555,0,8,0,0,1
1556,0,6,1,0,1
1557,0,8,0,0,1
1558,1,6,0,0,0
1559,0,7,0,0,1
1560,0,6,1,1,0
1561,0,7,1,0,1
1562,0,8,0,1,1
1563,2,7,0,1,1
1564,1,7,1,0,1
1565,0,8,0,0,1
1566,1,7,0,0,0
1567,1,8,1,0,1
1568,0,8,1,1,1
1569,0,6,0,1,0
1570,0,6,0,0,1
1571,0,6,0,0,0
1572,1,7,0,0,1
1573,1,8,0,0,1
1574,0,8,0,0,1
1575,1,7,0,0,0
1576,1,7,0,0,1
1577,0,8,0,0,1
1578,0,8,0,0,1
1579,2,6,1,1,1
1580,0,6,0,0,0
1581,1,6,0,0,0
1582,2,5,0,0,0
1583,1,5,1,0,0
1584,1,6,1,0,0
1585,0,5,0,0,0
1586,1,6,0,0,0
1587,1,5,0,0,0
1588,0,5,1,1,0
1589,0,5,0,1,0
1590,0,5,0,0,0
1591,2,6,0,0,0
1592,0,6,0,0,1
1593,0,6,0,0,1
1594,1,6,0,0,1
1595,1,5,0,0,0
1596,2,5,0,0,0
1597,0,5,0,1,0
1598,0,5,0,0,0
1599,0,5,0,0,0
1600,1,6,0,1,0
1601,0,7,1,0,1
1602,1,7,1,0,1
1603,1,6,1,0,1
1604,1,7,0,0,0
1605,1,7,0,0,1
1606,0,7,1,1,0
1607,0,6,0,1,0
1608,0,8,1,0,1
1609,0,8,1,1,1
1610,0,7,0,1,0
1611,0,8,0,0,1
1612,0,7,0,0,0
1613,0,7,0,0,0
1614,0,7,0,0,1
1615,1,8,0,0,1
1616,1,7,0,0,0
1617,1,7,0,0,1
1618,0,8,0,0,1
1619,2,7,1,0,0
1620,0,7,0,0,0
1621,2,8,0,0,1
1622,0,7,0,0,1
1623,0,8,1,0,1
1624,1,8,0,0,1
1625,1,8,0,0,1
1626,0,8,0,0,1
1627,1,7,0,0,1
1628,0,8,1,0,1
1629,1,8,0,1,1
1630,1,7,0,0,0
1631,0,7,0,0,1
1632,1,8,0,0,1
1633,0,6,0,0,1
1634,1,7,1,1,0
1635,1,8,0,0,1
1636,2,7,1,1,0
1637,0,6,0,0,0
1638,0,6,0,0,0
1639,3,8,0,0,1
1640,1,8,1,0,1
1641,0,7,0,1,1
1642,0,8,0,0,1
1643,0,8,0,0,1
1644,0,6,1,1,1
1645,0,8,0,0,1
1646,1,8,0,0,1
1647,2,6,0,0,1
1648,0,7,0,0,1
1649,0,7,0,0,0
1650,0,6,1,0,1
1651,0,8,1,1,1
1652,1,7,0,0,1
1653,0,6,0,0,1
1654,0,7,0,0,0
1655,1,8,1,1,1
1656,0,8,1,0,1
1657,2,7,0,0,1
1658,0,6,0,0,0
1659,1,8,0,0,1
1660,0,6,0,1,1
1661,1,7,1,0,0
1662,0,7,1,0,0
1663,0,7,0,1,0
1664,1,8,0,0,1
1665,1,8,0,0,1
1666,0,6,0,1,0
1667,1,8,0,0,1
1668,0,7,0,0,0
1669,1,6,1,0,0
1670,0,6,0,1,0
1671,0,8,0,1,1
1672,1,8,1,1,1
1673,0,8,0,0,1
1674,0,8,0,0,1
1675,0,6,1,1,0
1676,0,8,0,0,1
1677,1,6,1,0,0
1678,0,8,0,0,1
1679,1,8,0,0,1
1680,1,8,0,1,1
1681,0,6,1,0,0
1682,0,6,0,0,1
1683,1,6,1,1,1
1684,1,8,1,1,1
1685,0,6,1,0,0
1686,0,8,0,0,1
1687,0,6,0,0,0
1688,0,6,0,0,0
1689,0,6,0,0,1
1690,0,7,0,0,0
1691,1,7,1,0,1
1692,0,6,0,0,0
1693,2,8,0,0,1
1694,1,6,0,0,0
1695,0,7,1,1,0
1696,0,7,1,0,0
1697,0,6,0,0,0
1698,0,6,0,0,0
1699,0,7,0,0,0
1700,0,6,0,0,0
1701,1,5,0,0,0
1702,1,5,1,0,0
1703,0,5,1,1,0
1704,0,5,1,0,0
1705,2,5,1,0,0
1706,0,6,0,0,1
1707,1,6,0,0,0
1708,0,5,0,0,0
1709,1,6,1,0,0
1710,1,5,1,0,0
1711,1,5,0,0,0
1712,1,6,0,1,1
1713,0,5,1,1,0
1714,1,5,0,0,0
1715,0,5,0,0,0
1716,1,5,0,0,0
1717,1,5,0,0,0
1718,0,5,0,0,0
1719,0,6,0,0,0
1720,0,6,0,0,1
1721,0,6,0,0,1
1722,1,6,0,0,1
1723,1,5,0,0,0
1724,1,6,1,1,0
1725,0,5,0,0,0
1726,0,6,0,0,0
1727,0,5,0,0,0
1728,0,6,0,0,0
1729,1,5,1,0,0
1730,2,6,0,0,1
1731,1,6,0,1,0
1732,2,6,1,0,1
1733,0,5,1,1,0
1734,0,6,0,0,0
1735,1,5,1,0,0
1736,0,6,0,0,1
1737,0,5,1,0,0
1738,0,5,0,1,0
1739,1,6,0,1,0
1740,0,6,0,0,0
1741,2,5,0,0,0
1742,3,6,0,0,1
1743,1,5,0,0,0
1744,1,6,0,1,0
1745,0,6,0,1,0
1746,0,6,0,0,1
1747,1,6,0,1,1
1748,0,6,1,0,0
1749,0,6,0,0,0
1750,1,6,0,1,0
1751,0,6,0,0,0
1752,0,6,1,0,1
1753,0,6,1,1,0
1754,1,6,0,0,1
1755,1,5,1,0,0
1756,0,5,0,1,0
1757,1,5,1,0,0
1758,1,6,0,0,0
1759,1,6,0,0,0
1760,0,5,1,0,0
1761,0,6,0,0,0
1762,1,6,1,1,0
1763,0,5,0,0,0
1764,1,6,0,0,0
1765,0,6,0,1,0
1766,0,6,0,1,0
1767,0,6,0,1,0
1768,1,8,1,0,1
1769,3,7,0,1,0
1770,2,7,0,0,1
1771,0,7,1,0,0
1772,1,7,0,0,0
1773,1,6,0,0,0
1774,1,6,0,0,0
1775,0,8,0,0,1
1776,1,6,0,0,0
1777,1,6,0,0,0
1778,0,7,0,0,0
1779,1,8,0,0,1
1780,1,8,0,0,1
1781,1,7,1,0,0
1782,1,6,0,0,0
1783,0,7,0,0,0
1784,2,6,0,0,1
1785,0,8,1,0,1
1786,1,6,0,0,0
1787,0,8,1,0,1
1788,0,8,0,0,1
1789,1,8,1,0,1
1790,0,8,0,0,1
1791,1,7,1,0,0
1792,1,6,0,0,0
1793,0,7,0,0,0
1794,1,6,0,1,0
1795,1,6,0,0,0
1796,1,6,1,0,0
1797,0,6,0,0,1
1798,0,8,0,0,1
1799,0,6,0,1,0
1800,1,6,0,0,1
1801,0,7,1,0,0
1802,0,7,0,0,1
1803,0,8,0,0,1
1804,0,6,1,0,1
1805,1,6,0,0,1
1806,1,6,0,0,0
1807,1,8,0,1,1
1808,0,6,0,0,0
1809,1,6,1,0,0
1810,0,6,0,0,1
1811,2,8,0,0,1
1812,1,8,0,0,1
1813,0,7,0,0,0
1814,0,8,0,0,1
1815,1,6,0,0,0
1816,0,8,0,0,1
1817,0,7,0,0,0
1818,1,7,1,1,0
1819,0,6,0,0,0
1820,0,7,1,1,0
1821,0,8,1,1,1
1822,1,6,1,1,0
1823,0,7,0,0,0
1824,1,6,1,0,0
1825,1,7,1,1,1
1826,0,6,0,1,1
1827,1,7,1,0,0
1828,1,8,0,0,1
1829,1,8,1,0,1
1830,0,7,0,0,0
1831,1,7,1,0,0
1832,0,7,0,0,0
1833,2,6,0,0,1
1834,1,8,0,0,1
1835,1,8,1,1,1
1836,1,6,1,0,0
1837,0,8,1,0,1
1838,0,7,0,0,0
1839,0,8,0,0,1
1840,0,7,1,0,0
1841,0,6,0,0,0
1842,0,7,0,0,0
1843,1,6,1,0,0
1844,0,6,1,1,0
1845,1,6,0,0,0
1846,0,8,1,1,1
1847,0,6,0,0,0
1848,0,7,0,0,0
1849,1,7,0,0,0
1850,1,6,0,0,0
1851,2,8,0,0,1
1852,2,8,0,0,1
1853,2,8,0,0,1
1854,0,8,1,0,1
1855,1,8,0,0,1
1856,0,7,1,1,0
1857,0,6,0,0,0
1858,0,7,0,1,0
1859,0,6,0,0,0
1860,1,7,0,0,1
1861,1,6,0,0,0
1862,2,7,0,0,1
1863,1,7,1,1,0
1864,1,7,1,0,0
1865,1,7,1,0,0
1866,0,7,1,0,0
1867,1,7,1,0,0
1868,0,7,0,0,0
1869,1,7,0,0,0
1870,0,6,0,0,0
1871,1,7,0,1,1
1872,0,7,0,0,0
1873,1,7,0,0,1
1874,1,8,0,1,1
1875,0,7,0,0,0
1876,2,7,0,0,1
1877,0,6,0,0,0
1878,0,8,0,0,1
1879,0,6,0,0,0
1880,0,8,0,1,1
1881,0,6,0,0,0
1882,0,6,1,0,0
1883,2,6,0,0,1
1884,1,7,0,0,0
1885,0,8,0,0,1
1886,0,6,0,0,0
1887,0,6,0,0,1
1888,1,6,0,0,1
1889,1,8,0,1,1
1890,1,6,1,0,0
1891,2,8,0,0,1
1892,0,8,0,0,1
1893,1,6,1,0,0
1894,0,6,0,0,0
1895,1,8,0,0,1
1896,1,8,1,0,1
1897,0,7,0,0,0
1898,0,7,0,0,0
1899,2,6,0,0,1
1900,0,8,1,0,1
1901,0,8,0,0,1
1902,2,8,0,1,1
1903,1,7,0,0,1
1904,0,7,0,0,1
1905,1,8,0,0,1
1906,2,7,1,0,1
1907,0,7,0,0,0
1908,1,8,0,1,1
1909,1,8,0,0,1
1910,1,7,0,0,1
1911,0,7,0,0,1
1912,0,8,1,0,1
1913,0,8,0,0,1
1914,1,8,0,1,1
1915,1,8,1,0,1
1916,0,7,0,0,0
1917,0,8,0,0,1
1918,1,7,0,0,0
1919,0,8,0,0,1
1920,0,7,0,0,0
1921,1,8,0,0,1
1922,1,8,0,0,1
1923,1,8,1,0,1
1924,0,8,1,0,1
1925,0,8,0,0,1
1926,0,8,1,0,1
1927,1,7,1,0,1
1928,1,7,0,1,1
1929,0,8,0,1,1
1930,3,7,0,0,0
1931,0,7,0,0,0
1932,0,7,0,0,0
1933,1,7,0,0,0
1934,1,8,1,0,1
1935,0,8,0,0,1
1936,1,8,0,1,1
1937,2,7,0,1,0
1938,1,8,0,0,1
1939,1,8,1,1,1
1940,1,8,0,0,1
1941,1,8,0,1,1
1942,1,7,0,0,1
1943,0,8,0,0,1
1944,0,7,0,1,0
1945,1,7,0,0,0
1946,3,7,1,1,0
1947,0,7,0,0,0
1948,1,7,1,0,1
1949,0,7,0,1,1
1950,3,8,1,0,1
1951,2,8,0,0,1
1952,1,8,0,0,1
1953,1,8,1,1,1
1954,0,8,0,1,1
1955,1,8,1,0,1
1956,1,8,1,1,1
1957,1,7,1,1,0
1958,1,7,1,0,0
1959,1,8,0,0,1
1960,1,7,0,0,0
1961,0,7,0,0,0
1962,2,7,0,0,1
1963,0,7,0,0,0
1964,0,8,0,0,1
1965,0,7,1,0,0
1966,0,8,0,0,1
1967,0,8,0,1,1
1968,1,8,0,0,1
1969,1,7,0,0,0
1970,0,7,0,0,0
1971,1,8,1,0,1
1972,1,8,1,0,1
1973,1,8,1,0,1
1974,1,8,0,0,1
1975,0,7,0,0,0
1976,0,8,0,0,1
1977,1,8,1,0,1
1978,1,7,0,0,0
1979,1,8,0,0,1
1980,0,8,0,0,1
1981,1,8,0,0,1
1982,0,8,1,1,1
1983,0,7,0,0,0
1984,2,8,0,0,1
1985,1,7,0,1,0
1986,0,8,0,0,1
1987,0,8,0,0,1
1988,0,7,0,0,0
1989,0,7,0,0,0
1990,1,8,1,0,1
1991,0,8,0,0,1
1992,2,7,0,0,0
1993,1,7,0,0,0
1994,1,7,1,0,0
1995,0,8,1,0,1
1996,0,8,0,0,1
1997,1,7,0,0,0
1998,1,8,0,0,1
1999,0,8,0,0,1
2000,1,7,0,0,0
2001,0,7,0,0,1
2002,0,8,0,0,1
2003,1,8,0,0,1
2004,0,8,0,0,1
2005,1,8,0,0,1
2006,0,7,0,0,0
2007,0,8,0,0,1
2008,2,8,0,0,1
2009,0,7,0,0,1
2010,0,6,0,0,0
2011,0,8,1,0,1
2012,1,7,1,1,1
2013,0,8,0,1,1
2014,0,6,0,0,0
2015,0,7,0,0,0
2016,0,8,0,1,1
2017,0,6,0,0,0
2018,1,6,0,0,0
2019,0,6,0,1,0
2020,0,7,0,1,0
2021,1,7,0,0,0
2022,0,8,0,0,1
2023,1,8,0,0,1
2024,1,7,0,1,0
2025,0,8,0,0,1
2026,1,6,0,0,0
2027,0,7,0,0,0
2028,0,6,0,0,0
2029,1,8,0,1,1
2030,1,7,0,0,0
2031,2,8,1,0,1
2032,0,6,0,1,0
2033,1,6,1,0,0
2034,0,6,0,1,0
2035,3,6,0,0,1
2036,0,7,0,0,0
2037,0,6,0,0,0
2038,1,8,0,0,1
2039,0,7,0,0,0
2040,2,7,0,0,1
2041,1,6,0,0,0
2042,2,6,0,1,0
2043,2,6,1,0,1
2044,1,8,0,0,1
2045,0,7,1,1,0
2046,0,6,0,0,0
2047,2,7,1,0,0
2048,1,6,0,0,0
2049,1,7,0,0,1
2050,0,8,1,0,1
2051,1,7,0,0,0
2052,1,8,0,0,1
2053,0,6,0,0,0
2054,2,8,0,0,1
2055,0,6,1,1,0
2056,0,8,0,0,1
2057,1,6,0,0,0
2058,2,8,1,1,1
2059,1,7,1,0,0
2060,0,8,0,0,1
2061,0,8,0,0,1
2062,0,6,0,0,0
2063,2,6,0,0,1
2064,1,8,0,0,1
2065,0,7,0,0,0
2066,2,7,0,1,0
2067,2,6,0,0,1
2068,0,6,1,0,0
2069,0,7,0,0,0
2070,2,6,0,0,1
2071,0,8,1,0,1
2072,0,8,0,0,1
2073,2,7,0,1,0
2074,0,8,1,1,1
2075,0,8,0,0,1
2076,3,7,0,0,1
2077,0,6,1,1,0
2078,2,6,0,0,1
2079,2,8,0,0,1
2080,1,7,0,0,1
2081,0,6,1,0,0
2082,0,6,1,1,0
2083,0,8,1,0,1
2084,1,6,0,0,0
2085,0,8,0,1,1
2086,1,7,0,0,0
2087,0,6,0,1,0
2088,1,6,0,0,0
2089,2,7,1,0,1
2090,1,7,0,0,1
2091,0,6,0,0,0
2092,0,8,1,1,1
2093,1,8,0,0,1
2094,0,6,0,0,0
2095,1,7,0,0,0
2096,2,7,0,0,0
2097,1,8,1,1,1
2098,1,7,0,0,0
2099,2,7,0,0,1
2100,1,8,0,0,1
2101,1,9,0,1,1
2102,0,6,0,1,0
2103,1,9,0,0,1
2104,0,7,0,0,0
2105,1,6,1,1,1
2106,0,6,0,0,0
2107,0,8,0,0,1
2108,0,7,0,0,0
2109,0,5,0,1,0
2110,0,7,0,0,0
2111,0,9,1,1,1
2112,2,8,1,1,1
2113,0,9,0,0,1
2114,3,6,0,0,1
2115,1,6,0,0,1
2116,1,9,0,0,1
2117,1,7,0,1,1
2118,1,5,0,0,0
2119,0,5,1,0,0
2120,1,5,1,0,0
2121,0,5,1,0,0
2122,0,9,0,0,1
2123,0,8,0,0,1
2124,1,5,0,0,0
2125,0,5,0,0,0
2126,1,8,0,0,1
2127,0,8,0,1,1
2128,2,5,0,0,0
2129,0,6,1,0,0
2130,0,9,0,1,1
2131,1,7,0,0,0
2132,0,5,0,0,0
2133,0,9,0,1,1
2134,0,6,0,0,1
2135,1,9,0,1,1
2136,1,7,0,1,1
2137,0,5,0,0,0
2138,1,8,0,0,1
2139,1,6,0,0,1
2140,1,8,0,1,1
2141,1,9,1,1,1
2142,0,6,0,0,1
2143,0,9,1,0,1
2144,1,6,0,0,1
2145,1,9,1,0,1
2146,0,9,0,0,1
2147,2,8,0,0,1
2148,1,9,0,0,1
2149,0,8,1,0,1
2150,1,7,0,0,1
2151,0,8,0,0,1
2152,0,5,0,0,0
2153,3,9,0,1,1
2154,1,7,0,0,1
2155,0,9,1,0,1
2156,0,7,1,1,1
2157,0,7,0,0,0
2158,1,8,0,0,1
2159,1,8,1,0,1
2160,0,6,0,0,0
2161,0,7,1,0,0
2162,0,8,0,0,1
2163,1,9,0,0,1
2164,1,9,1,0,1
2165,0,6,1,0,1
2166,2,7,0,1,1
2167,0,5,0,0,0
2168,0,7,0,0,0
2169,0,6,0,0,0
2170,1,5,1,0,0
2171,1,9,1,0,1
2172,3,7,1,0,1
2173,0,5,1,0,0
2174,0,9,1,1,1
2175,1,6,0,0,1
2176,1,5,0,0,0
2177,0,7,0,0,0
2178,3,9,1,0,1
2179,0,5,0,0,0
2180,2,7,0,0,0
2181,3,9,1,0,1
2182,0,8,1,0,1
2183,1,6,0,1,1
2184,1,9,1,0,1
2185,2,9,1,0,1
2186,1,8,1,0,1
2187,1,7,1,1,1
2188,1,6,1,0,0
2189,0,6,0,0,0
2190,1,8,0,0,1
2191,1,7,0,0,0
2192,1,6,0,0,0
2193,0,7,1,1,0
2194,1,8,0,0,1
2195,1,6,0,0,0
2196,1,6,0,0,0
2197,2,6,0,0,1
2198,1,6,1,1,0
2199,0,7,0,0,0
2200,0,8,0,0,1
2201,0,7,1,0,0
2202,1,7,0,0,1
2203,0,7,1,0,0
2204,2,7,0,0,1
2205,0,6,0,0,0
2206,1,6,0,0,1
2207,0,7,1,1,1
2208,1,7,1,0,1
2209,0,6,0,1,0
2210,0,7,0,0,1
2211,0,7,0,0,0
2212,0,6,0,1,1
2213,1,8,1,0,1
2214,0,6,1,0,0
2215,2,8,0,0,1
2216,0,7,0,0,0
2217,1,6,0,0,1
2218,3,6,1,0,1
2219,0,7,0,0,0
2220,0,8,0,1,1
2221,2,8,0,0,1
2222,1,6,0,0,0
2223,0,7,0,0,1
2224,0,6,1,1,0
2225,0,7,1,0,0
2226,0,8,0,0,1
2227,0,8,0,0,1
2228,1,8,0,0,1
2229,1,6,0,0,0
2230,0,8,0,0,1
2231,0,6,0,0,0
2232,0,6,0,0,0
2233,1,8,0,0,1
2234,1,6,0,0,1
2235,0,8,0,0,1
2236,0,8,1,1,1
2237,1,6,0,1,0
2238,1,6,0,0,0
2239,0,6,0,0,0
2240,1,6,0,0,0
2241,0,8,0,0,1
2242,1,8,0,0,1
2243,1,8,0,1,1
2244,0,7,0,0,1
2245,0,8,0,0,1
2246,1,6,0,0,0
2247,1,8,1,1,1
2248,1,7,0,0,1
2249,0,7,1,0,0
2250,0,8,1,1,1
2251,0,7,0,0,0
2252,0,6,0,0,0
2253,2,7,0,0,1
2254,0,7,1,0,0
2255,1,6,0,0,0
2256,1,6,0,0,1
2257,1,7,0,0,1
2258,1,6,0,0,1
2259,0,7,0,1,1
2260,0,7,0,0,0
2261,1,7,0,0,0
2262,0,8,0,0,1
2263,1,8,0,0,1
2264,2,8,0,0,1
2265,0,6,1,1,0
2266,1,7,0,0,1
2267,1,7,0,0,0
2268,3,6,1,1,0
2269,2,7,0,0,1
2270,2,6,0,0,1
2271,1,6,1,1,0
2272,1,8,1,0,1
2273,0,8,0,0,1
2274,1,7,1,0,0
2275,0,8,0,1,1
2276,1,8,1,0,1
2277,0,6,0,0,0
2278,0,6,0,0,0
2279,0,8,0,0,1
2280,1,6,0,1,0
2281,0,7,0,0,0
2282,0,6,0,0,0
2283,1,8,1,0,1
2284,0,7,0,0,0
2285,1,7,0,0,0
2286,1,7,0,0,1
2287,0,6,0,0,0
2288,1,7,0,0,0
2289,1,8,1,0,1
2290,1,7,0,0,0
2291,1,7,0,0,0
2292,0,7,0,0,0
2293,1,6,0,0,0
2294,0,6,0,0,0
2295,0,7,0,0,0
2296,0,7,0,0,1
2297,2,7,0,1,1
2298,0,8,0,0,1
2299,1,6,0,0,0
2300,0,8,0,0,1
2301,1,7,0,0,0
2302,0,6,0,0,0
2303,0,6,0,0,0
2304,0,7,0,0,0
2305,0,7,0,0,0
2306,0,7,0,0,0
2307,0,8,0,0,1
2308,1,8,0,0,1
2309,1,7,0,1,1
2310,2,8,1,0,1
2311,0,8,0,0,1
2312,1,7,0,1,1
2313,1,7,0,0,0
2314,1,6,0,0,0
2315,1,8,0,0,1
2316,0,6,0,0,0
2317,0,6,0,0,0
2318,0,6,1,0,0
2319,0,7,0,0,0
2320,0,7,0,0,0
2321,0,8,0,1,1
2322,2,8,0,0,1
2323,1,7,1,0,0
2324,1,6,1,0,0
2325,0,7,0,0,0
2326,0,8,0,0,1
2327,1,6,0,0,0
2328,2,7,0,0,1
2329,1,7,1,0,0
2330,0,8,1,0,1
2331,1,6,0,0,0
2332,1,6,1,0,0
2333,0,6,0,0,0
2334,1,8,1,0,1
2335,1,6,0,0,0
2336,0,6,0,0,0
2337,1,6,0,0,0
2338,0,6,0,0,0
2339,1,8,0,0,1
2340,0,6,0,0,0
2341,1,6,0,0,0
2342,0,7,0,0,0
2343,0,6,0,0,0
2344,0,8,1,0,1
2345,0,8,0,1,1
2346,2,7,0,0,1
2347,1,6,0,0,0
2348,1,6,0,0,0
2349,0,8,0,0,1
2350,0,8,0,0,1
2351,0,6,0,0,0
2352,1,7,0,0,0
2353,2,7,0,0,1
2354,2,8,0,0,1
2355,1,7,0,0,0
2356,0,7,0,0,1
2357,1,8,0,0,1
2358,1,6,0,0,0
2359,1,8,0,1,1
2360,0,7,0,1,0
2361,0,7,1,0,0
2362,0,8,0,0,1
2363,0,6,0,0,0
2364,1,7,0,0,1
2365,0,8,1,0,1
2366,0,7,0,1,0
2367,0,8,0,0,1
2368,1,7,0,0,0
2369,1,8,1,0,1
2370,0,6,0,0,0
2371,1,8,0,0,1
2372,3,6,0,1,0
2373,0,8,1,0,1
2374,1,7,1,0,0
2375,1,6,0,0,0
2376,1,8,1,0,1
2377,1,6,0,0,0
2378,0,8,1,0,1
2379,0,6,0,0,0
2380,1,6,1,0,0
2381,1,8,0,0,1
2382,2,6,1,0,1
2383,0,7,0,1,0
2384,0,6,0,0,0
2385,0,6,0,0,0
2386,1,8,0,0,1
2387,1,6,1,1,0
2388,1,7,0,0,0
2389,1,7,0,0,1
2390,0,8,0,0,1
2391,1,7,0,1,0
2392,0,6,0,0,0
2393,1,7,1,1,0
2394,1,6,1,0,0
2395,0,6,1,1,0
2396,0,7,0,1,0
2397,1,7,1,0,0
2398,0,8,1,0,1
2399,0,6,0,0,0
2400,0,7,1,0,0
2401,1,6,0,0,0
2402,0,6,0,0,0
2403,2,8,0,0,1
2404,1,8,0,0,1
2405,0,6,0,0,0
2406,1,7,0,0,0
2407,0,8,0,1,1
2408,1,8,0,0,1
2409,0,7,0,1,0
2410,0,6,1,1,0
2411,0,8,0,0,1
2412,1,6,1,0,0
2413,2,7,1,0,0
2414,0,6,1,0,0
2415,0,6,0,0,0
2416,1,7,0,0,0
2417,2,6,0,0,1
2418,0,7,0,0,0
2419,1,8,0,0,1
2420,1,6,0,0,0
2421,0,6,1,0,0
2422,0,7,1,0,0
2423,0,8,0,0,1
2424,0,7,0,0,0
2425,1,6,0,0,0
2426,1,8,1,0,1
2427,1,6,0,0,0
2428,1,8,0,0,1
2429,0,6,0,0,0
2430,0,8,0,1,1
2431,0,6,1,0,0
2432,1,6,0,0,0
2433,0,6,1,0,0
2434,1,8,0,0,1
2435,1,6,0,0,0
2436,1,7,0,0,0
2437,0,8,0,1,1
2438,1,8,0,0,1
2439,1,6,0,0,0
2440,0,8,0,0,1
2441,1,8,0,0,1
2442,0,6,0,0,0
2443,0,8,1,1,1
2444,0,8,1,0,1
2445,0,8,0,0,1
2446,0,6,0,0,0
2447,0,6,0,0,1
2448,1,7,0,0,0
2449,0,6,0,0,0
2450,1,6,1,0,0
2451,1,7,0,0,0
2452,0,7,0,0,0
2453,1,6,0,0,0
2454,1,7,0,0,0
2455,0,8,1,0,1
2456,0,7,0,0,0
2457,0,8,0,0,1
2458,0,7,1,1,0
2459,1,8,1,0,1
2460,1,6,0,0,0
2461,1,8,0,1,1
2462,0,7,0,1,0
2463,1,6,1,0,0
2464,1,6,1,0,0
2465,1,8,0,0,1
2466,2,8,0,1,1
2467,1,6,1,1,0
2468,0,7,0,0,0
2469,0,8,0,1,1
2470,1,8,1,0,1
2471,2,6,0,0,1
2472,0,6,0,1,0
2473,1,7,0,0,0
2474,1,8,0,0,1
2475,1,7,0,0,0
2476,0,7,0,0,0
2477,2,7,0,0,0
2478,1,7,0,1,1
2479,0,6,0,1,0
2480,0,6,1,0,0
2481,1,6,1,1,0
2482,1,7,1,0,0
2483,0,6,0,1,0
2484,0,7,0,0,0
2485,0,7,1,0,0
2486,1,8,0,1,1
2487,1,6,0,0,0
2488,0,8,1,0,1
2489,3,7,0,0,0
2490,0,8,0,1,1
2491,2,7,0,0,0
2492,1,6,0,0,0
2493,0,6,0,0,0
2494,0,6,0,0,0
2495,0,6,0,0,0
2496,0,6,0,1,0
2497,0,7,0,0,0
2498,0,7,0,1,0
2499,0,7,0,1,0
2500,2,6,0,0,1
2501,0,7,0,1,0
2502,0,8,1,0,1
2503,1,7,0,0,1
2504,2,7,0,0,1
2505,0,8,1,0,1
2506,0,8,1,0,1
2507,0,7,0,0,0
2508,0,8,0,1,1
2509,0,7,0,0,0
2510,2,6,1,0,1
2511,1,6,0,0,0
2512,0,8,0,0,1
2513,0,7,0,0,0
2514,0,7,0,0,0
2515,2,7,0,0,0
2516,0,6,0,0,0
2517,1,6,1,1,0
2518,0,8,0,0,1
2519,1,8,0,0,1
2520,0,8,0,1,1
2521,2,6,0,0,1
2522,1,8,1,0,1
2523,0,8,0,1,1
2524,1,7,0,0,0
2525,0,6,1,0,0
2526,0,7,1,0,0
2527,1,6,0,1,0
2528,0,6,1,1,0
2529,0,6,1,1,0
2530,1,8,0,0,1
2531,1,6,0,0,0
2532,0,8,0,0,1
2533,1,6,0,0,0
2534,0,7,0,0,0
2535,1,7,0,0,1
2536,3,6,1,0,1
2537,0,7,0,0,0
2538,1,8,0,0,1
2539,1,7,0,1,1
2540,0,7,0,0,0
2541,1,8,0,0,1
2542,1,8,0,0,1
2543,0,7,0,0,1
2544,0,6,1,1,0
2545,2,6,0,0,1
2546,0,7,0,0,0
2547,0,6,0,0,0
2548,0,6,0,0,0
2549,1,6,1,0,0
2550,0,7,0,0,0
2551,3,8,1,0,1
2552,0,7,1,0,0
2553,1,6,0,0,0
2554,1,8,0,0,1
2555,1,6,0,0,0
2556,1,7,1,0,0
2557,1,8,0,0,1
2558,1,8,1,0,1
2559,0,8,0,1,1
2560,0,6,0,1,0
2561,1,8,1,0,1
2562,0,8,0,0,1
2563,0,6,0,0,0
2564,0,8,0,0,1
2565,0,6,1,0,0
2566,1,6,1,0,0
2567,0,6,0,0,0
2568,1,8,0,0,1
2569,1,8,1,0,1
2570,1,8,0,0,1
2571,0,7,0,0,0
2572,0,7,1,0,0
2573,0,7,0,0,1
2574,1,8,0,0,1
2575,1,8,1,0,1
2576,1,8,1,0,1
2577,0,7,1,0,0
2578,2,6,0,0,1
2579,1,7,0,0,0
2580,1,6,1,0,0
2581,2,6,0,0,1
2582,1,7,0,0,0
2583,0,6,1,0,0
2584,0,7,1,1,0
2585,2,7,0,1,0
2586,0,7,0,1,0
2587,0,7,1,0,0
2588,0,7,0,0,1
2589,1,8,1,0,1
2590,0,6,1,0,0
2591,1,8,1,0,1
2592,0,7,0,0,0
2593,1,7,1,0,0
2594,0,8,0,0,1
2595,0,7,0,0,0
2596,1,7,0,1,0
2597,0,6,0,1,0
2598,2,6,0,1,0
2599,0,7,0,0,0
2600,1,7,1,0,0
2601,0,7,1,0,0
2602,1,8,0,0,1
2603,0,7,0,1,0
2604,2,9,0,0,1
2605,1,9,1,0,1
2606,0,9,1,0,1
2607,2,9,0,0,1
2608,0,8,0,0,1
2609,1,8,0,0,1
2610,1,8,0,0,1
2611,0,7,0,0,1
2612,1,9,0,0,1
2613,3,7,0,0,1
2614,1,8,0,0,1
2615,0,7,1,1,0
2616,2,7,1,1,1
2617,1,7,1,0,0
2618,2,8,0,0,1
2619,0,8,0,0,1
2620,0,7,0,0,0
2621,0,8,0,0,1
2622,1,9,1,0,1
2623,0,7,0,0,0
2624,0,7,1,0,0
2625,1,7,0,0,0
2626,1,8,0,0,1
2627,0,9,0,1,1
2628,1,9,0,0,1
2629,1,9,0,0,1
2630,1,9,1,0,1
2631,1,8,1,0,1
2632,1,9,0,1,1
2633,1,8,1,0,1
2634,1,8,0,0,1
2635,0,8,0,0,1
2636,1,9,0,0,1
2637,0,9,0,0,1
2638,0,8,0,0,1
2639,0,7,1,0,0
2640,0,9,0,0,1
2641,1,8,0,0,1
2642,2,9,1,1,1
2643,0,7,0,0,0
2644,1,9,1,1,1
2645,0,9,1,0,1
2646,1,7,0,1,1
2647,1,7,0,0,0
2648,0,7,0,0,0
2649,0,9,1,0,1
2650,0,9,0,1,1
2651,0,8,0,0,1
2652,0,9,1,1,1
2653,1,8,0,1,1
2654,0,8,0,0,1
2655,3,9,0,0,1
2656,1,7,0,0,0
2657,1,7,0,0,0
2658,1,9,0,0,1
2659,3,8,1,1,1
2660,0,8,0,0,1
2661,0,9,0,1,1
2662,3,9,0,0,1
2663,1,8,0,0,1
2664,0,9,1,1,1
2665,1,8,0,0,1
2666,1,9,1,1,1
2667,2,9,0,0,1
2668,1,7,0,1,1
2669,0,9,0,0,1
2670,0,8,1,0,1
2671,0,9,0,0,1
2672,0,7,1,0,0
2673,1,7,0,0,1
2674,1,8,1,0,1
2675,0,7,0,0,1
2676,0,8,0,0,1
2677,0,8,0,0,1
2678,0,9,0,1,1
2679,1,7,0,0,1
2680,2,7,0,0,1
2681,2,8,0,0,1
2682,0,9,0,0,1
2683,1,8,0,0,1
2684,0,9,0,0,1
2685,0,7,0,0,1
2686,0,8,0,0,1
2687,0,8,1,0,1
2688,2,7,0,0,1
2689,1,8,1,0,1
2690,1,7,0,0,0
2691,1,7,1,0,0
2692,2,8,0,0,1
2693,1,8,0,1,1
2694,2,7,0,0,1
2695,0,9,0,0,1
2696,2,8,0,0,1
2697,1,7,0,0,0
2698,1,9,0,0,1
2699,1,7,0,0,1
2700,1,9,1,0,1
2701,0,9,0,0,1
2702,0,8,0,1,1
2703,0,8,0,0,1
2704,1,7,0,0,1
2705,0,9,0,1,1
2706,1,7,1,0,0
2707,0,7,1,1,0
2708,1,8,0,0,1
2709,0,8,1,0,1
2710,1,8,0,0,1
2711,0,7,0,0,0
2712,0,9,0,0,1
2713,3,8,1,0,1
2714,0,9,1,0,1
2715,0,7,1,1,0
2716,1,7,0,1,1
2717,0,8,0,0,1
2718,1,9,0,0,1
2719,0,7,0,0,0
2720,0,9,0,1,1
2721,1,9,0,0,1
2722,1,8,1,1,1
2723,1,7,0,0,0
2724,1,8,0,1,1
2725,0,8,0,0,1
2726,0,7,0,0,0
2727,0,7,1,0,0
2728,2,7,0,1,0
2729,0,9,0,0,1
2730,0,8,1,0,1
2731,0,7,0,0,1
2732,1,9,0,0,1
2733,1,7,0,1,0
2734,1,9,0,0,1
2735,0,7,0,0,0
2736,1,7,1,0,0
2737,2,8,1,0,1
2738,1,7,1,1,1
2739,0,8,0,0,1
2740,2,8,0,0,1
2741,0,8,0,0,1
2742,0,8,1,0,1
2743,0,8,1,0,1
2744,0,6,0,0,0
2745,1,6,0,0,0
2746,1,6,0,0,0
2747,0,6,1,0,0
2748,1,6,0,0,0
2749,0,8,0,1,1
2750,1,6,1,1,0
2751,0,7,0,0,0
2752,2,8,0,0,1
2753,0,6,0,1,0
2754,2,8,0,0,1
2755,1,7,0,1,0
2756,1,7,1,1,0
2757,0,8,0,0,1
2758,1,7,0,0,0
2759,0,8,0,0,1
2760,0,7,0,0,0
2761,1,7,0,1,1
2762,1,7,0,0,0
2763,0,8,0,0,1
2764,1,8,1,0,1
2765,0,8,0,0,1
2766,1,7,0,0,0
2767,0,8,0,0,1
2768,0,8,0,0,1
2769,0,6,0,0,0
2770,0,6,0,0,0
2771,2,8,0,0,1
2772,0,6,1,1,0
2773,0,8,0,0,1
2774,1,8,0,0,1
2775,0,6,0,0,0
2776,1,7,0,0,0
2777,0,8,0,0,1
2778,1,8,0,0,1
2779,0,6,1,0,0
2780,0,7,0,0,0
2781,0,7,0,1,0
2782,0,6,0,0,0
2783,0,6,0,0,0
2784,0,7,0,0,0
2785,1,6,0,0,0
2786,1,8,1,0,1
2787,1,6,0,0,0
2788,1,6,0,0,0
2789,1,8,0,1,1
2790,0,6,0,0,0
2791,1,6,0,1,0
2792,2,6,1,0,1
2793,1,6,0,1,0
2794,0,7,0,0,1
2795,1,8,0,1,1
2796,0,8,1,0,1
2797,0,8,0,0,1
2798,1,8,0,0,1
2799,0,8,0,0,1
2800,1,8,0,0,1
2801,0,8,0,0,1
2802,0,7,1,0,0
2803,0,6,0,1,0
2804,1,6,1,0,0
2805,1,7,0,0,0
2806,1,8,0,0,1
2807,0,6,0,0,0
2808,1,6,1,0,0
2809,1,8,0,0,1
2810,1,7,0,0,0
2811,0,7,1,0,0
2812,2,6,0,0,1
2813,0,7,0,1,0
2814,1,7,0,0,0
2815,0,6,1,0,0
2816,1,8,1,1,1
2817,0,7,0,0,0
2818,1,6,0,1,0
2819,1,7,0,0,0
2820,0,6,1,0,0
2821,1,7,0,0,0
2822,0,7,1,1,0
2823,1,8,0,0,1
2824,1,7,0,1,0
2825,0,6,0,0,0
2826,0,7,0,1,0
2827,1,8,1,0,1
2828,0,6,1,0,0
2829,1,6,1,1,0
2830,2,8,0,0,1
2831,3,8,0,1,1
2832,1,7,0,0,1
2833,1,8,0,0,1
2834,1,6,1,0,0
2835,0,6,0,1,0
2836,0,6,0,1,0
2837,1,6,0,0,0
2838,0,7,0,1,0
2839,1,7,0,1,1
2840,0,6,1,0,0
2841,0,6,0,1,0
2842,1,7,0,0,0
2843,0,7,0,0,0
2844,0,8,0,0,1
2845,1,6,1,1,0
2846,0,7,1,0,0
2847,0,7,1,0,0
2848,0,8,1,0,1
2849,1,7,0,0,0
2850,1,8,1,1,1
2851,0,7,0,1,0
2852,0,7,1,0,0
2853,1,8,1,1,1
2854,0,7,0,0,0
2855,1,7,0,0,0
2856,0,7,0,0,0
2857,0,7,1,0,0
2858,1,8,0,0,1
2859,1,8,0,0,1
2860,1,6,0,1,0
2861,1,7,0,0,0
2862,1,8,1,0,1
2863,3,8,1,0,1
2864,0,8,0,0,1
2865,0,6,1,0,0
2866,0,6,0,0,0
2867,0,8,1,0,1
2868,1,8,0,0,1
2869,0,6,0,0,0
2870,2,8,0,0,1
2871,0,8,0,0,1
2872,1,7,0,0,0
2873,2,6,0,0,1
2874,0,7,0,0,1
2875,0,7,0,0,0
2876,0,8,0,0,1
2877,0,8,1,1,1
2878,1,8,1,0,1
2879,1,7,0,0,0
2880,2,6,0,0,1
2881,2,8,0,0,1
2882,0,6,0,0,1
2883,2,6,0,0,1
2884,1,7,0,0,0
2885,1,8,0,0,1
2886,2,7,0,0,1
2887,0,8,0,1,1
2888,0,6,0,0,0
2889,0,7,0,0,0
2890,1,8,0,0,1
2891,0,8,0,0,1
2892,0,7,1,0,0
2893,0,6,0,1,0
2894,0,8,1,1,1
2895,1,8,1,0,1
2896,1,6,0,0,0
2897,1,7,0,0,0
2898,0,8,1,0,1
2899,0,6,0,0,0
2900,1,6,0,0,0
2901,0,7,0,1,0
2902,0,7,0,0,1
2903,0,7,1,1,0
2904,0,8,0,0,1
2905,2,8,0,1,1
2906,1,8,1,0,1
2907,0,8,0,0,1
2908,2,7,0,0,0
2909,0,7,0,0,1
2910,1,8,0,0,1
2911,1,7,1,0,0
2912,1,6,1,0,0
2913,3,6,1,0,1
2914,1,8,0,0,1
2915,0,6,0,0,0
2916,0,7,1,0,0
2917,0,8,0,0,1
2918,0,8,0,0,1
2919,1,8,1,0,1
2920,0,8,0,0,1
2921,0,8,0,0,1
2922,0,6,0,0,0
2923,0,8,0,0,1
2924,1,6,0,1,0
2925,1,7,1,0,0
2926,0,7,0,0,0
2927,0,8,0,0,1
2928,1,8,1,0,1
2929,0,6,1,0,0
2930,0,6,1,0,0
2931,2,8,0,0,1
2932,0,6,1,0,0
2933,1,7,0,0,0
2934,1,8,0,0,1
2935,1,8,0,0,1
2936,0,8,0,0,1
2937,0,6,0,0,0
2938,0,6,0,0,0
2939,0,7,0,1,0
2940,0,8,1,0,1
2941,0,7,0,0,0
2942,0,7,0,0,0
2943,0,6,1,0,0
2944,0,8,0,0,1
2945,1,7,0,1,0
2946,1,7,0,0,0
2947,1,7,1,1,0
2948,2,8,0,1,1
2949,0,7,0,0,0
2950,0,8,0,0,1
2951,1,8,1,0,1
2952,3,8,0,0,1
2953,0,8,1,0,1
2954,0,7,0,0,0
2955,1,8,0,1,1
2956,0,7,0,0,0
2957,0,8,0,0,1
2958,1,6,0,1,0
2959,0,6,0,1,0
2960,0,7,0,0,0
2961,1,7,1,0,0
2962,0,7,0,0,0
2963,1,7,1,0,0
2964,1,7,0,0,0
2965,1,7,0,0,0
2966,0,8,0,0,1
